Week,Day,Date,Time,Winner/tie,,Loser/tie,,PtsW,PtsL,YdsW,TOW,YdsL,TOL
1,Wed,2026-09-09,8:20PM,Seattle Seahawks,,New England Patriots,boxscore,13,10,285,0,277,3
1,Thu,2026-09-10,8:35PM,San Francisco 49ers,@,Los Angeles Rams,boxscore,27,7,379,1,290,2
1,Sun,2026-09-13,1:00PM,Pittsburgh Steelers,,Atlanta Falcons,boxscore,20,13,264,1,238,2
1,Sun,2026-09-13,1:00PM,Detroit Lions,,New Orleans Saints,boxscore,31,30,369,1,469,3
1,Sun,2026-09-13,1:00PM,Baltimore Ravens,@,Indianapolis Colts,boxscore,41,23,506,1,251,2
1,Sun,2026-09-13,1:00PM,Jacksonville Jaguars,,Cleveland Browns,boxscore,34,10,360,0,272,2
1,Sun,2026-09-13,1:00PM,Cincinnati Bengals,,Tampa Bay Buccaneers,boxscore,33,27,351,1,282,4
1,Sun,2026-09-13,1:00PM,New York Jets,@,Tennessee Titans,boxscore,23,10,367,0,195,1
1,Sun,2026-09-13,1:00PM,Chicago Bears,@,Carolina Panthers,boxscore,59,37,552,1,478,3
1,Sun,2026-09-13,1:00PM,Buffalo Bills,@,Houston Texans,boxscore,36,31,409,0,381,2
1,Sun,2026-09-13,4:25PM,Philadelphia Eagles,,Washington Commanders,boxscore,24,22,318,0,295,0
1,Sun,2026-09-13,4:25PM,Las Vegas Raiders,,Miami Dolphins,boxscore,27,13,290,2,259,2
1,Sun,2026-09-13,4:25PM,Minnesota Vikings,,Green Bay Packers,boxscore,39,22,239,1,419,2
1,Sun,2026-09-13,4:25PM,Arizona Cardinals,@,Los Angeles Chargers,boxscore,26,14,393,0,268,2
1,Sun,2026-09-13,8:20PM,New York Giants,,Dallas Cowboys,boxscore,28,20,394,1,244,1
1,Mon,2026-09-14,8:15PM,Kansas City Chiefs,,Denver Broncos,boxscore,31,10,392,1,176,2
2,Thu,2026-09-17,8:15PM,Buffalo Bills,,Detroit Lions,boxscore,41,31,446,0,355,0
2,Sun,2026-09-20,1:00PM,Philadelphia Eagles,@,Tennessee Titans,boxscore,24,20,341,2,291,0
2,Sun,2026-09-20,1:00PM,New England Patriots,,Pittsburgh Steelers,boxscore,20,3,327,2,235,2
2,Sun,2026-09-20,1:00PM,New Orleans Saints,@,Baltimore Ravens,boxscore,24,17,298,0,312,1
2,Sun,2026-09-20,1:00PM,Green Bay Packers,@,New York Jets,boxscore,20,17,199,1,285,0
2,Sun,2026-09-20,1:00PM,Carolina Panthers,@,Atlanta Falcons,boxscore,34,3,340,0,286,5
2,Sun,2026-09-20,1:00PM,Minnesota Vikings,@,Chicago Bears,boxscore,9,3,246,0,297,2
2,Sun,2026-09-20,1:00PM,Cincinnati Bengals,@,Houston Texans,boxscore,20,6,267,0,374,0
2,Sun,2026-09-20,1:00PM,Cleveland Browns,@,Tampa Bay Buccaneers,boxscore,23,19,267,0,313,1
2,Sun,2026-09-20,4:05PM,Denver Broncos,,Jacksonville Jaguars,boxscore,20,13,392,1,268,1
2,Sun,2026-09-20,4:05PM,Las Vegas Raiders,@,Los Angeles Chargers,boxscore,26,14,305,1,310,3
2,Sun,2026-09-20,4:25PM,Seattle Seahawks,@,Arizona Cardinals,boxscore,31,7,381,1,151,1
2,Sun,2026-09-20,4:25PM,San Francisco 49ers,,Miami Dolphins,boxscore,35,13,382,0,284,0
2,Sun,2026-09-20,4:25PM,Dallas Cowboys,,Washington Commanders,boxscore,37,20,332,0,389,1
2,Sun,2026-09-20,8:20PM,Kansas City Chiefs,,Indianapolis Colts,boxscore,33,30,523,0,329,1
2,Mon,2026-09-21,8:15PM,Los Angeles Rams,,New York Giants,boxscore,28,6,481,2,182,1
3,Thu,2026-09-24,8:15PM,Atlanta Falcons,@,Green Bay Packers,boxscore,35,14,498,1,328,1
3,Sun,2026-09-27,1:00PM,Kansas City Chiefs,@,Miami Dolphins,boxscore,24,10,334,1,329,2
3,Sun,2026-09-27,1:00PM,New York Giants,,Tennessee Titans,boxscore,12,7,238,0,262,2
3,Sun,2026-09-27,1:00PM,Cleveland Browns,,Carolina Panthers,boxscore,21,18,259,1,360,1
3,Sun,2026-09-27,1:00PM,Buffalo Bills,,Los Angeles Chargers,boxscore,24,16,350,5,348,1
3,Sun,2026-09-27,1:00PM,Pittsburgh Steelers,,Cincinnati Bengals,boxscore,30,27,411,1,352,2
3,Sun,2026-09-27,1:00PM,Jacksonville Jaguars,,New England Patriots,boxscore,35,6,315,1,317,3
3,Sun,2026-09-27,1:00PM,Indianapolis Colts,,Houston Texans,boxscore,19,17,300,3,223,0
3,Sun,2026-09-27,1:00PM,Detroit Lions,,New York Jets,boxscore,31,24,381,0,335,1
3,Sun,2026-09-27,1:00PM,Washington Commanders,,Seattle Seahawks,boxscore,33,31,258,0,437,3
3,Sun,2026-09-27,4:05PM,Minnesota Vikings,@,Tampa Bay Buccaneers,boxscore,23,16,230,1,243,2
3,Sun,2026-09-27,4:05PM,San Francisco 49ers,,Arizona Cardinals,boxscore,36,30,437,1,365,0
3,Sun,2026-09-27,4:25PM,Las Vegas Raiders,@,New Orleans Saints,boxscore,35,27,340,1,381,4
3,Sun,2026-09-27,4:25PM,Baltimore Ravens,@,Dallas Cowboys,boxscore,34,31,378,0,415,1
3,Sun,2026-09-27,8:20PM,Denver Broncos,,Los Angeles Rams,boxscore,30,26,257,1,482,2
3,Mon,2026-09-28,8:15PM,Chicago Bears,,Philadelphia Eagles,boxscore,27,7,375,0,248,3
4,Thu,2026-10-01,8:15PM,Pittsburgh Steelers,@,Cleveland Browns,preview,,,,,,
4,Sun,2026-10-04,9:30AM,Indianapolis Colts,@,Washington Commanders,preview,,,,,,
4,Sun,2026-10-04,1:00PM,Arizona Cardinals,@,New York Giants,preview,,,,,,
4,Sun,2026-10-04,1:00PM,Dallas Cowboys,@,Houston Texans,preview,,,,,,
4,Sun,2026-10-04,1:00PM,Green Bay Packers,@,Tampa Bay Buccaneers,preview,,,,,,
4,Sun,2026-10-04,1:00PM,Jacksonville Jaguars,@,Cincinnati Bengals,preview,,,,,,
4,Sun,2026-10-04,1:00PM,New England Patriots,@,Buffalo Bills,preview,,,,,,
4,Sun,2026-10-04,1:00PM,New York Jets,@,Chicago Bears,preview,,,,,,
4,Sun,2026-10-04,1:00PM,Tennessee Titans,@,Baltimore Ravens,preview,,,,,,
4,Sun,2026-10-04,1:00PM,Los Angeles Rams,@,Philadelphia Eagles,preview,,,,,,
4,Sun,2026-10-04,4:05PM,Miami Dolphins,@,Minnesota Vikings,preview,,,,,,
4,Sun,2026-10-04,4:25PM,Denver Broncos,@,San Francisco 49ers,preview,,,,,,
4,Sun,2026-10-04,4:25PM,Kansas City Chiefs,@,Las Vegas Raiders,preview,,,,,,
4,Sun,2026-10-04,4:25PM,Los Angeles Chargers,@,Seattle Seahawks,preview,,,,,,
4,Sun,2026-10-04,8:20PM,Detroit Lions,@,Carolina Panthers,preview,,,,,,
4,Mon,2026-10-05,8:15PM,Atlanta Falcons,@,New Orleans Saints,preview,,,,,,
5,Thu,2026-10-08,8:15PM,Tampa Bay Buccaneers,@,Dallas Cowboys,preview,,,,,,
5,Sun,2026-10-11,9:30AM,Philadelphia Eagles,@,Jacksonville Jaguars,preview,,,,,,
5,Sun,2026-10-11,1:00PM,Cincinnati Bengals,@,Miami Dolphins,preview,,,,,,
5,Sun,2026-10-11,1:00PM,Cleveland Browns,@,New York Jets,preview,,,,,,
5,Sun,2026-10-11,1:00PM,Indianapolis Colts,@,Pittsburgh Steelers,preview,,,,,,
5,Sun,2026-10-11,1:00PM,Houston Texans,@,Tennessee Titans,preview,,,,,,
5,Sun,2026-10-11,1:00PM,Minnesota Vikings,@,New Orleans Saints,preview,,,,,,
5,Sun,2026-10-11,1:00PM,New York Giants,@,Washington Commanders,preview,,,,,,
5,Sun,2026-10-11,1:00PM,Las Vegas Raiders,@,New England Patriots,preview,,,,,,
5,Sun,2026-10-11,4:05PM,Denver Broncos,@,Los Angeles Chargers,preview,,,,,,
5,Sun,2026-10-11,4:25PM,Chicago Bears,@,Green Bay Packers,preview,,,,,,
5,Sun,2026-10-11,4:25PM,Detroit Lions,@,Arizona Cardinals,preview,,,,,,
5,Sun,2026-10-11,4:25PM,San Francisco 49ers,@,Seattle Seahawks,preview,,,,,,
5,Sun,2026-10-11,8:20PM,Baltimore Ravens,@,Atlanta Falcons,preview,,,,,,
5,Mon,2026-10-12,8:15PM,Buffalo Bills,@,Los Angeles Rams,preview,,,,,,
6,Thu,2026-10-15,8:15PM,Seattle Seahawks,@,Denver Broncos,preview,,,,,,
6,Sun,2026-10-18,9:30AM,Houston Texans,@,Jacksonville Jaguars,preview,,,,,,
6,Sun,2026-10-18,1:00PM,Carolina Panthers,@,Philadelphia Eagles,preview,,,,,,
6,Sun,2026-10-18,1:00PM,Chicago Bears,@,Atlanta Falcons,preview,,,,,,
6,Sun,2026-10-18,1:00PM,New Orleans Saints,@,New York Giants,preview,,,,,,
6,Sun,2026-10-18,1:00PM,New York Jets,@,New England Patriots,preview,,,,,,
6,Sun,2026-10-18,1:00PM,Tennessee Titans,@,Indianapolis Colts,preview,,,,,,
6,Sun,2026-10-18,1:00PM,Pittsburgh Steelers,@,Tampa Bay Buccaneers,preview,,,,,,
6,Sun,2026-10-18,1:00PM,Baltimore Ravens,@,Cleveland Browns,preview,,,,,,
6,Sun,2026-10-18,4:05PM,Arizona Cardinals,@,Los Angeles Rams,preview,,,,,,
6,Sun,2026-10-18,4:25PM,Buffalo Bills,@,Las Vegas Raiders,preview,,,,,,
6,Sun,2026-10-18,4:25PM,Los Angeles Chargers,@,Kansas City Chiefs,preview,,,,,,
6,Sun,2026-10-18,8:20PM,Dallas Cowboys,@,Green Bay Packers,preview,,,,,,
6,Mon,2026-10-19,8:15PM,Washington Commanders,@,San Francisco 49ers,preview,,,,,,
7,Thu,2026-10-22,8:15PM,New England Patriots,@,Chicago Bears,preview,,,,,,
7,Sun,2026-10-25,9:30AM,Pittsburgh Steelers,@,New Orleans Saints,preview,,,,,,
7,Sun,2026-10-25,1:00PM,Cincinnati Bengals,@,Baltimore Ravens,preview,,,,,,
7,Sun,2026-10-25,1:00PM,Cleveland Browns,@,Tennessee Titans,preview,,,,,,
7,Sun,2026-10-25,1:00PM,Indianapolis Colts,@,Minnesota Vikings,preview,,,,,,
7,Sun,2026-10-25,1:00PM,Miami Dolphins,@,New York Jets,preview,,,,,,
7,Sun,2026-10-25,1:00PM,New York Giants,@,Houston Texans,preview,,,,,,
7,Sun,2026-10-25,1:00PM,San Francisco 49ers,@,Atlanta Falcons,preview,,,,,,
7,Sun,2026-10-25,1:00PM,Tampa Bay Buccaneers,@,Carolina Panthers,preview,,,,,,
7,Sun,2026-10-25,4:05PM,Denver Broncos,@,Arizona Cardinals,preview,,,,,,
7,Sun,2026-10-25,4:25PM,Green Bay Packers,@,Detroit Lions,preview,,,,,,
7,Sun,2026-10-25,4:25PM,Los Angeles Rams,@,Las Vegas Raiders,preview,,,,,,
7,Sun,2026-10-25,8:20PM,Kansas City Chiefs,@,Seattle Seahawks,preview,,,,,,
7,Mon,2026-10-26,8:15PM,Dallas Cowboys,@,Philadelphia Eagles,preview,,,,,,
8,Thu,2026-10-29,8:15PM,Carolina Panthers,@,Green Bay Packers,preview,,,,,,
8,Sun,2026-11-01,1:00PM,Atlanta Falcons,@,Tampa Bay Buccaneers,preview,,,,,,
8,Sun,2026-11-01,1:00PM,Cleveland Browns,@,Pittsburgh Steelers,preview,,,,,,
8,Sun,2026-11-01,1:00PM,Indianapolis Colts,@,Jacksonville Jaguars,preview,,,,,,
8,Sun,2026-11-01,1:00PM,Arizona Cardinals,@,Dallas Cowboys,preview,,,,,,
8,Sun,2026-11-01,1:00PM,Minnesota Vikings,@,Detroit Lions,preview,,,,,,
8,Sun,2026-11-01,1:00PM,Tennessee Titans,@,Cincinnati Bengals,preview,,,,,,
8,Sun,2026-11-01,1:00PM,Las Vegas Raiders,@,New York Jets,preview,,,,,,
8,Sun,2026-11-01,1:00PM,Baltimore Ravens,@,Buffalo Bills,preview,,,,,,
8,Sun,2026-11-01,4:05PM,Los Angeles Chargers,@,Los Angeles Rams,preview,,,,,,
8,Sun,2026-11-01,4:25PM,Kansas City Chiefs,@,Denver Broncos,preview,,,,,,
8,Sun,2026-11-01,4:25PM,New England Patriots,@,Miami Dolphins,preview,,,,,,
8,Sun,2026-11-01,8:20PM,Philadelphia Eagles,@,Washington Commanders,preview,,,,,,
8,Mon,2026-11-02,8:15PM,Chicago Bears,@,Seattle Seahawks,preview,,,,,,
9,Thu,2026-11-05,8:15PM,Jacksonville Jaguars,@,Baltimore Ravens,preview,,,,,,
9,Sun,2026-11-08,9:30AM,Cincinnati Bengals,@,Atlanta Falcons,preview,,,,,,
9,Sun,2026-11-08,1:00PM,Cleveland Browns,@,New Orleans Saints,preview,,,,,,
9,Sun,2026-11-08,1:00PM,Dallas Cowboys,@,Indianapolis Colts,preview,,,,,,
9,Sun,2026-11-08,1:00PM,Denver Broncos,@,Carolina Panthers,preview,,,,,,
9,Sun,2026-11-08,1:00PM,Detroit Lions,@,Miami Dolphins,preview,,,,,,
9,Sun,2026-11-08,1:00PM,New York Giants,@,Philadelphia Eagles,preview,,,,,,
9,Sun,2026-11-08,1:00PM,New York Jets,@,Kansas City Chiefs,preview,,,,,,
9,Sun,2026-11-08,1:00PM,Los Angeles Rams,@,Washington Commanders,preview,,,,,,
9,Sun,2026-11-08,4:05PM,Houston Texans,@,Los Angeles Chargers,preview,,,,,,
9,Sun,2026-11-08,4:05PM,Las Vegas Raiders,@,San Francisco 49ers,preview,,,,,,
9,Sun,2026-11-08,4:25PM,Arizona Cardinals,@,Seattle Seahawks,preview,,,,,,
9,Sun,2026-11-08,4:25PM,Green Bay Packers,@,New England Patriots,preview,,,,,,
9,Sun,2026-11-08,8:20PM,Tampa Bay Buccaneers,@,Chicago Bears,preview,,,,,,
9,Mon,2026-11-09,8:15PM,Buffalo Bills,@,Minnesota Vikings,preview,,,,,,
10,Thu,2026-11-12,8:15PM,Washington Commanders,@,New York Giants,preview,,,,,,
10,Sun,2026-11-15,9:30AM,New England Patriots,@,Detroit Lions,preview,,,,,,
10,Sun,2026-11-15,1:00PM,Buffalo Bills,@,New York Jets,preview,,,,,,
10,Sun,2026-11-15,1:00PM,Carolina Panthers,@,New Orleans Saints,preview,,,,,,
10,Sun,2026-11-15,1:00PM,Houston Texans,@,Cleveland Browns,preview,,,,,,
10,Sun,2026-11-15,1:00PM,Jacksonville Jaguars,@,Tennessee Titans,preview,,,,,,
10,Sun,2026-11-15,1:00PM,Kansas City Chiefs,@,Atlanta Falcons,preview,,,,,,
10,Sun,2026-11-15,1:00PM,Miami Dolphins,@,Indianapolis Colts,preview,,,,,,
10,Sun,2026-11-15,1:00PM,Minnesota Vikings,@,Green Bay Packers,preview,,,,,,
10,Sun,2026-11-15,4:05PM,Los Angeles Rams,@,Arizona Cardinals,preview,,,,,,
10,Sun,2026-11-15,4:05PM,Seattle Seahawks,@,Las Vegas Raiders,preview,,,,,,
10,Sun,2026-11-15,4:25PM,San Francisco 49ers,@,Dallas Cowboys,preview,,,,,,
10,Sun,2026-11-15,8:20PM,Pittsburgh Steelers,@,Cincinnati Bengals,preview,,,,,,
10,Mon,2026-11-16,8:15PM,Los Angeles Chargers,@,Baltimore Ravens,preview,,,,,,
11,Thu,2026-11-19,8:15PM,Indianapolis Colts,@,Houston Texans,preview,,,,,,
11,Sun,2026-11-22,1:00PM,Arizona Cardinals,@,Kansas City Chiefs,preview,,,,,,
11,Sun,2026-11-22,1:00PM,Jacksonville Jaguars,@,New York Giants,preview,,,,,,
11,Sun,2026-11-22,1:00PM,Miami Dolphins,@,Buffalo Bills,preview,,,,,,
11,Sun,2026-11-22,1:00PM,New Orleans Saints,@,Chicago Bears,preview,,,,,,
11,Sun,2026-11-22,1:00PM,Tennessee Titans,@,Dallas Cowboys,preview,,,,,,
11,Sun,2026-11-22,1:00PM,Baltimore Ravens,@,Carolina Panthers,preview,,,,,,
11,Sun,2026-11-22,1:00PM,Tampa Bay Buccaneers,@,Detroit Lions,preview,,,,,,
11,Sun,2026-11-22,4:05PM,New York Jets,@,Los Angeles Chargers,preview,,,,,,
11,Sun,2026-11-22,4:25PM,Pittsburgh Steelers,@,Philadelphia Eagles,preview,,,,,,
11,Sun,2026-11-22,4:25PM,Las Vegas Raiders,@,Denver Broncos,preview,,,,,,
11,Sun,2026-11-22,8:20PM,Minnesota Vikings,@,San Francisco 49ers,preview,,,,,,
11,Mon,2026-11-23,8:15PM,Cincinnati Bengals,@,Washington Commanders,preview,,,,,,
12,Wed,2026-11-25,8:00PM,Green Bay Packers,@,Los Angeles Rams,preview,,,,,,
12,Thu,2026-11-26,1:00PM,Chicago Bears,@,Detroit Lions,preview,,,,,,
12,Thu,2026-11-26,4:30PM,Philadelphia Eagles,@,Dallas Cowboys,preview,,,,,,
12,Thu,2026-11-26,8:20PM,Kansas City Chiefs,@,Buffalo Bills,preview,,,,,,
12,Fri,2026-11-27,3:00PM,Denver Broncos,@,Pittsburgh Steelers,preview,,,,,,
12,Sun,2026-11-29,1:00PM,Atlanta Falcons,@,Minnesota Vikings,preview,,,,,,
12,Sun,2026-11-29,1:00PM,New Orleans Saints,@,Cincinnati Bengals,preview,,,,,,
12,Sun,2026-11-29,1:00PM,New York Giants,@,Indianapolis Colts,preview,,,,,,
12,Sun,2026-11-29,1:00PM,New York Jets,@,Miami Dolphins,preview,,,,,,
12,Sun,2026-11-29,1:00PM,Las Vegas Raiders,@,Cleveland Browns,preview,,,,,,
12,Sun,2026-11-29,1:00PM,Baltimore Ravens,@,Houston Texans,preview,,,,,,
12,Sun,2026-11-29,4:05PM,Tennessee Titans,@,Jacksonville Jaguars,preview,,,,,,
12,Sun,2026-11-29,4:25PM,Seattle Seahawks,@,San Francisco 49ers,preview,,,,,,
12,Sun,2026-11-29,4:25PM,Washington Commanders,@,Arizona Cardinals,preview,,,,,,
12,Sun,2026-11-29,8:20PM,New England Patriots,@,Los Angeles Chargers,preview,,,,,,
12,Mon,2026-11-30,8:15PM,Carolina Panthers,@,Tampa Bay Buccaneers,preview,,,,,,
13,Thu,2026-12-03,8:15PM,Kansas City Chiefs,@,Los Angeles Rams,preview,,,,,,
13,Sun,2026-12-06,1:00PM,Cincinnati Bengals,@,Cleveland Browns,preview,,,,,,
13,Sun,2026-12-06,1:00PM,Detroit Lions,@,Atlanta Falcons,preview,,,,,,
13,Sun,2026-12-06,1:00PM,Green Bay Packers,@,New Orleans Saints,preview,,,,,,
13,Sun,2026-12-06,1:00PM,Jacksonville Jaguars,@,Chicago Bears,preview,,,,,,
13,Sun,2026-12-06,1:00PM,Los Angeles Chargers,@,Tampa Bay Buccaneers,preview,,,,,,
13,Sun,2026-12-06,1:00PM,San Francisco 49ers,@,New York Giants,preview,,,,,,
13,Sun,2026-12-06,1:00PM,Washington Commanders,@,Tennessee Titans,preview,,,,,,
13,Sun,2026-12-06,4:05PM,Miami Dolphins,@,Denver Broncos,preview,,,,,,
13,Sun,2026-12-06,4:05PM,Philadelphia Eagles,@,Arizona Cardinals,preview,,,,,,
13,Sun,2026-12-06,4:25PM,Buffalo Bills,@,New England Patriots,preview,,,,,,
13,Sun,2026-12-06,4:25PM,Carolina Panthers,@,Minnesota Vikings,preview,,,,,,
13,Sun,2026-12-06,8:20PM,Houston Texans,@,Pittsburgh Steelers,preview,,,,,,
13,Mon,2026-12-07,8:15PM,Dallas Cowboys,@,Seattle Seahawks,preview,,,,,,
14,Thu,2026-12-10,8:15PM,Minnesota Vikings,@,New England Patriots,preview,,,,,,
14,Sun,2026-12-13,1:00PM,Atlanta Falcons,@,Cleveland Browns,preview,,,,,,
14,Sun,2026-12-13,1:00PM,Chicago Bears,@,Miami Dolphins,preview,,,,,,
14,Sun,2026-12-13,1:00PM,Indianapolis Colts,@,Philadelphia Eagles,preview,,,,,,
14,Sun,2026-12-13,1:00PM,Denver Broncos,@,New York Jets,preview,,,,,,
14,Sun,2026-12-13,1:00PM,Houston Texans,@,Washington Commanders,preview,,,,,,
14,Sun,2026-12-13,1:00PM,New Orleans Saints,@,Carolina Panthers,preview,,,,,,
14,Sun,2026-12-13,1:00PM,Tennessee Titans,@,Detroit Lions,preview,,,,,,
14,Sun,2026-12-13,1:00PM,Tampa Bay Buccaneers,@,Baltimore Ravens,preview,,,,,,
14,Sun,2026-12-13,4:05PM,Los Angeles Chargers,@,Las Vegas Raiders,preview,,,,,,
14,Sun,2026-12-13,4:25PM,Kansas City Chiefs,@,Cincinnati Bengals,preview,,,,,,
14,Sun,2026-12-13,4:25PM,New York Giants,@,Seattle Seahawks,preview,,,,,,
14,Sun,2026-12-13,4:25PM,Los Angeles Rams,@,San Francisco 49ers,preview,,,,,,
14,Sun,2026-12-13,8:20PM,Buffalo Bills,@,Green Bay Packers,preview,,,,,,
14,Mon,2026-12-14,8:15PM,Pittsburgh Steelers,@,Jacksonville Jaguars,preview,,,,,,
15,Thu,2026-12-17,8:15PM,San Francisco 49ers,@,Los Angeles Chargers,preview,,,,,,
15,Sat,2026-12-19,5:00PM,Seattle Seahawks,@,Philadelphia Eagles,preview,,,,,,
15,Sat,2026-12-19,8:20PM,Chicago Bears,@,Buffalo Bills,preview,,,,,,
15,Sun,2026-12-20,1:00PM,Atlanta Falcons,@,Washington Commanders,preview,,,,,,
15,Sun,2026-12-20,1:00PM,Cincinnati Bengals,@,Carolina Panthers,preview,,,,,,
15,Sun,2026-12-20,1:00PM,Cleveland Browns,@,New York Giants,preview,,,,,,
15,Sun,2026-12-20,1:00PM,Indianapolis Colts,@,Tennessee Titans,preview,,,,,,
15,Sun,2026-12-20,1:00PM,Jacksonville Jaguars,@,Houston Texans,preview,,,,,,
15,Sun,2026-12-20,1:00PM,Miami Dolphins,@,Green Bay Packers,preview,,,,,,
15,Sun,2026-12-20,1:00PM,New Orleans Saints,@,Tampa Bay Buccaneers,preview,,,,,,
15,Sun,2026-12-20,1:00PM,Baltimore Ravens,@,Pittsburgh Steelers,preview,,,,,,
15,Sun,2026-12-20,4:05PM,New York Jets,@,Arizona Cardinals,preview,,,,,,
15,Sun,2026-12-20,4:25PM,Dallas Cowboys,@,Los Angeles Rams,preview,,,,,,
15,Sun,2026-12-20,4:25PM,Denver Broncos,@,Las Vegas Raiders,preview,,,,,,
15,Sun,2026-12-20,8:20PM,Detroit Lions,@,Minnesota Vikings,preview,,,,,,
15,Mon,2026-12-21,8:15PM,New England Patriots,@,Kansas City Chiefs,preview,,,,,,
16,Thu,2026-12-24,8:15PM,Houston Texans,@,Philadelphia Eagles,preview,,,,,,
16,Fri,2026-12-25,1:00PM,Green Bay Packers,@,Chicago Bears,preview,,,,,,
16,Fri,2026-12-25,4:30PM,Buffalo Bills,@,Denver Broncos,preview,,,,,,
16,Fri,2026-12-25,8:15PM,Los Angeles Rams,@,Seattle Seahawks,preview,,,,,,
16,Sun,2026-12-27,1:00PM,Carolina Panthers,@,Pittsburgh Steelers,preview,,,,,,
16,Sun,2026-12-27,1:00PM,Cincinnati Bengals,@,Indianapolis Colts,preview,,,,,,
16,Sun,2026-12-27,1:00PM,Cleveland Browns,@,Baltimore Ravens,preview,,,,,,
16,Sun,2026-12-27,1:00PM,Arizona Cardinals,@,New Orleans Saints,preview,,,,,,
16,Sun,2026-12-27,1:00PM,New England Patriots,@,New York Jets,preview,,,,,,
16,Sun,2026-12-27,1:00PM,Los Angeles Chargers,@,Miami Dolphins,preview,,,,,,
16,Sun,2026-12-27,1:00PM,Tampa Bay Buccaneers,@,Atlanta Falcons,preview,,,,,,
16,Sun,2026-12-27,1:00PM,Washington Commanders,@,Minnesota Vikings,preview,,,,,,
16,Sun,2026-12-27,4:05PM,Tennessee Titans,@,Las Vegas Raiders,preview,,,,,,
16,Sun,2026-12-27,4:25PM,San Francisco 49ers,@,Kansas City Chiefs,preview,,,,,,
16,Sun,2026-12-27,8:20PM,Jacksonville Jaguars,@,Dallas Cowboys,preview,,,,,,
16,Mon,2026-12-28,8:15PM,New York Giants,@,Detroit Lions,preview,,,,,,
17,Thu,2026-12-31,8:15PM,Baltimore Ravens,@,Cincinnati Bengals,preview,,,,,,
17,Sun,2027-01-03,1:00PM,Buffalo Bills,@,Miami Dolphins,preview,,,,,,
17,Sun,2027-01-03,1:00PM,Indianapolis Colts,@,Cleveland Browns,preview,,,,,,
17,Sun,2027-01-03,1:00PM,Denver Broncos,@,New England Patriots,preview,,,,,,
17,Sun,2027-01-03,1:00PM,Kansas City Chiefs,@,Los Angeles Chargers,preview,,,,,,
17,Sun,2027-01-03,1:00PM,Minnesota Vikings,@,New York Jets,preview,,,,,,
17,Sun,2027-01-03,1:00PM,New Orleans Saints,@,Atlanta Falcons,preview,,,,,,
17,Sun,2027-01-03,1:00PM,New York Giants,@,Dallas Cowboys,preview,,,,,,
17,Sun,2027-01-03,1:00PM,Pittsburgh Steelers,@,Tennessee Titans,preview,,,,,,
17,Sun,2027-01-03,1:00PM,Los Angeles Rams,@,Tampa Bay Buccaneers,preview,,,,,,
17,Sun,2027-01-03,1:00PM,Seattle Seahawks,@,Carolina Panthers,preview,,,,,,
17,Sun,2027-01-03,1:00PM,Washington Commanders,@,Jacksonville Jaguars,preview,,,,,,
17,Sun,2027-01-03,4:05PM,Las Vegas Raiders,@,Arizona Cardinals,preview,,,,,,
17,Sun,2027-01-03,4:25PM,Detroit Lions,@,Chicago Bears,preview,,,,,,
17,Sun,2027-01-03,8:20PM,Philadelphia Eagles,@,San Francisco 49ers,preview,,,,,,
17,Mon,2027-01-04,8:15PM,Houston Texans,@,Green Bay Packers,preview,,,,,,
18,Sun,2027-01-10,1:00PM,Atlanta Falcons,@,Carolina Panthers,preview,,,,,,
18,Sun,2027-01-10,1:00PM,Chicago Bears,@,Minnesota Vikings,preview,,,,,,
18,Sun,2027-01-10,1:00PM,Cleveland Browns,@,Cincinnati Bengals,preview,,,,,,
18,Sun,2027-01-10,1:00PM,Dallas Cowboys,@,Washington Commanders,preview,,,,,,
18,Sun,2027-01-10,1:00PM,Detroit Lions,@,Green Bay Packers,preview,,,,,,
18,Sun,2027-01-10,1:00PM,Jacksonville Jaguars,@,Indianapolis Colts,preview,,,,,,
18,Sun,2027-01-10,1:00PM,Miami Dolphins,@,New England Patriots,preview,,,,,,
18,Sun,2027-01-10,1:00PM,New York Jets,@,Buffalo Bills,preview,,,,,,
18,Sun,2027-01-10,1:00PM,Tennessee Titans,@,Houston Texans,preview,,,,,,
18,Sun,2027-01-10,1:00PM,Philadelphia Eagles,@,New York Giants,preview,,,,,,
18,Sun,2027-01-10,1:00PM,Pittsburgh Steelers,@,Baltimore Ravens,preview,,,,,,
18,Sun,2027-01-10,1:00PM,Las Vegas Raiders,@,Kansas City Chiefs,preview,,,,,,
18,Sun,2027-01-10,1:00PM,Los Angeles Chargers,@,Denver Broncos,preview,,,,,,
18,Sun,2027-01-10,1:00PM,Seattle Seahawks,@,Los Angeles Rams,preview,,,,,,
18,Sun,2027-01-10,1:00PM,San Francisco 49ers,@,Arizona Cardinals,preview,,,,,,
18,Sun,2027-01-10,1:00PM,Tampa Bay Buccaneers,@,New Orleans Saints,preview,,,,,,